54805724,Vizcardo Sinche Maribel,Motocicleta,LN4826
95482222,Asmad Chavez Adria,Bicicleta,LO8667
60685215,Sakaguchi Mori Carlos Ronal,Motocicleta,LN1439
24721987,Ramirez Astete Karina Estefania,Bicicleta,LS6092
64102186,Diaz Tang Enrique,Bicicleta,LO7318
96430314,Sam Yallico Ines,Bicicleta,LN8659
82962199,Pena Suarez Glenda Margot,Motocicleta,LO9713
52397686,Narvaez Castillo Jesus Rafael,Motocicleta,LE6936
25516055,Jauregui Del Castillo Victor Ricardo,Motocicleta,LO5964
13037550,Rodriguez Moreno Blanca Ofelia,Bicicleta,LO6223
71914615,Escalante Rojas Ines Adria,Bicicleta,LN4803
97394359,Egusquiza Berrocal Doris Nancy,Motocicleta,LO8667
96407230,Moscoso Arias Fiorella,Bicicleta,LS6184
25921814,Solis Narvaez Maria Madeleine,Bicicleta,LN7752
24542282,Lozada Arguedas Felicita Valentina,Motocicleta,LN4803
28777346,Hijar Lam Martin,Motocicleta,LN8659
34795643,Pairazaman Raffo Tatiana Delicia,Bicicleta,LN1439
78894665,Bravo Cortes Janet Flor,Bicicleta,LE4504
73953533,Justino Norabuena Virginia Karina,Bicicleta,LO9713
43679625,Patino Bolanos Delicia Virginia,Motocicleta,LS6092
23889863,Arroyo Tomasiche Natalia,Motocicleta,LO6223
88923038,Vega Soria Henrry,Motocicleta,LS2765
35679675,Prado Vera Juan,Motocicleta,LO5817
32579168,Contreras Chang Johana Cinthia,Motocicleta,LE5926
14994362,Lozada Forzani Delia,Motocicleta,LN7752
53469476,Solis Chung Rolando,Bicicleta,LO5817
24363330,Camacho Pairazaman Ydali Lucero,Motocicleta,LO7318
80913411,Mercado Coronel Elia,Motocicleta,LS6184
89367567,Florencio Coronado Alonso,Motocicleta,LE4504
32708645,Valverde Maeireizo Melvin Jair,Bicicleta,LE5926
96708707,Sinche Rivero Yvonne Silvana,Bicicleta,LS2765
33479141,Trigueros Jugo Luz,Bicicleta,LO5964
77697252,Zarate Perez Alexander,Bicicleta,LE6936
88547910,Lozada Iberos Heli Blanca,Bicicleta,LN4826
95324349,Luna Vargas Waldemar,Motocicleta,LO4311
38893634,Pinto Rojas Juvenal Francisco,Bicicleta,LO3562
29844212,Astete Chang Guida ,Bicicleta,LN2958
84929617,Sanchez Del Castillo Fiorella Rosario,Motocicleta,LN7093
60437425,Zegarra Pena Carmela ,Motocicleta,LE7040
34996654,Florian Valderrama Jose ,Motocicleta,LO9222
20690760,Inga Palomares Erika ,Motocicleta,LO4439
52583286,Fuentes Gamarra Hugo ,Motocicleta,LE3053
62397617,Cortes Cortez Raul Alex,Motocicleta,LS8280
76233255,Epiquen Avila Enrique ,Motocicleta,LO2220
14341844,Durand Miranda Miguel Juan,Bicicleta,LO9222
93026806,Trigueros Portugal Arturo Fausto,Bicicleta,LO3691
17083555,Leyva Landeo Nancy Sonia,Bicicleta,LE7040
22237434,Diaz Moya Elia Annie,Motocicleta,LO9443
77459005,Mejia Rodriguez Ines Valentina,Bicicleta,LO4328
88118517,Salamanca Cabrera Nestor Evert,Motocicleta,LE7894
96481826,Gonzales Gamarra Giovana Karina,Bicicleta,LE3716
67377009,Rondon Cabrera Alexander Adolfo,Bicicleta,LE7894
21507828,Martinez Cruz Evert Rony,Motocicleta,LO4328
99751918,Mendoza Romero Virginia Ydali,Bicicleta,LO9443
89839090,Iparraguirre Perez Nicolas ,Bicicleta,LS8594
78587625,Suarez Chang Gloria ,Motocicleta,LN2958
62800798,Del Castillo Annie Avila,Bicicleta,LO4439
25186258,Avila Martel Jaime Manuel,Motocicleta,LE3716
85167262,Vizcarra Montero Jair ,Motocicleta,LS8594
12141513,Cueva Fuentes Cinthia Delia,Motocicleta,LO1657
